v1_tool,v1_category,v1_visibility,capability,v2_status,v2_route,optimization
get_server_info,server,model+app,Connection and runtime identity,Retained,get_status: coordinated identities and capabilities.,"Reuse connection evidence; refresh on invalidation, not before every read."
get_document_change_overview,document-audit,model+app,Document change overview,Partial replacement,Per-job evidence/activity and Reference Inspector; no full document-wide mutation audit.,Index active records and retain historical evidence without rebuilding global history.
execute_code,automation,model+app,Live Python execution,Native scripting restored with lifecycle,"python_script through start_edit_workflow: exact request, saved baseline, local callbacks/whole script, bounded output and no replay.",Keep one native route; do not call live Python itself a new v2 invention or route ordinary reads through it.
execute_code_with_context,automation,model+app,Live Python execution,Native scripting restored with lifecycle,"python_script through start_edit_workflow: exact request, saved baseline, local callbacks/whole script, bounded output and no replay.",Keep one native route; do not call live Python itself a new v2 invention or route ordinary reads through it.
docs_search,documentation,model+app,Documentation search and retrieval,Retained outside MCP catalog,Offline SDK corpus plus docs.py search/get and development scaffolding.,Keep bounded local documentation; no reason to restore docs as public tools merely for parity.
docs_get,documentation,model+app,Documentation search and retrieval,Retained outside MCP catalog,Offline SDK corpus plus docs.py search/get and development scaffolding.,Keep bounded local documentation; no reason to restore docs as public tools merely for parity.
list_open_fonts,font,model+app,Open-document discovery and targeting,Retained,list_documents with exact document IDs and current-font evidence.,Retain intended binding; no implicit font-index or frontmost substitution.
get_font_glyphs,font,model+app,Glyph inventory and metadata,Partial typed reads,"Paged glyph names; named glyph metadata, color and kerning-group/key fields. Production name, script, layer count and complete Unicode mappings remain missing from the ordinary glyph projection.",Add useful bounded fields; do not save or start a mutation script just to inspect them.
get_font_masters,font,model+app,Master metrics and axes,Retained core reads,"Master inventory plus vertical metrics, italic angle and bounded axis positions. Dimensions are separate reference notes.",Keep native save-free reads; request only needed fields.
set_master_italic_angle,font,model+app,Master italic angle and stem editing,Native script setter,Master italic angle is readable through typed master properties; writing uses native Python.,Combine with authorized slant only when requested; geometric slant does not automatically set metadata.
get_font_instances,font,model+app,Instances,Retained bounded reads,Paged/exact instance reads support current export targeting.,Keep bounded reads; do not imply a full variable-font audit.
get_glyph_details,outlines,model+app,"Layer inventory, geometry and components","Expanded, incomplete typed parity","Exact layers, layer inventory, metric fields and path geometry; missing some broad v1 glyph/structure metadata.","Add demanded fields to focused reads, not an unbounded all-data endpoint."
get_font_kerning,kerning,model+app,Stored kerning and group discovery,Retained and bounded,"Exact stored pair reads, paged pair inventory and glyph kerning groups/keys, including directions.",Read groups/pairs directly; add aggregate diagnostics only for a concrete task.
get_selected_glyphs,selection,model+app,Font View selection and current context,Retained core context,"Native font/edit context, exact current master and selected glyph names; bounded selection coverage.",Reuse context; never interpret an incomplete selection as complete edit scope.
get_selected_font_and_master,selection,model+app,Font View selection and current context,Retained core context,"Native font/edit context, exact current master and selected glyph names; bounded selection coverage.",Reuse context; never interpret an incomplete selection as complete edit scope.
get_selected_nodes,selection,model+app,Selected Edit View nodes,Retained,Native selection counts and bounded node details with exact owning glyph/layer.,Keep direct save-free reads; no scripting lifecycle.
get_litsquare_metadata,litsquare,model+app,LitSquare metadata and semantic roles,Integration deliberately absent,"LitSquare stored metadata remains accessible natively, but its managed semantics and inspector integration are not ported.",Keep project-specific integration separate; do not erase or invent metadata semantics.
get_selected_litsquare_path_roles,litsquare,model+app,LitSquare metadata and semantic roles,Integration deliberately absent,"LitSquare stored metadata remains accessible natively, but its managed semantics and inspector integration are not ported.",Keep project-specific integration separate; do not erase or invent metadata semantics.
get_icon_grid_horizontal_center,litsquare,model+app,IconGrid fixed-centering integration,Independent companion; MCP control absent,Icon Grid remains independent; old fixed-centering MCP policy is not a current typed capability.,Use supported companion/native workflows; no duplicate grid subsystem.
patch_litsquare_metadata,litsquare,model+app,LitSquare metadata and semantic roles,Integration deliberately absent,"LitSquare stored metadata remains accessible natively, but its managed semantics and inspector integration are not ported.",Keep project-specific integration separate; do not erase or invent metadata semantics.
set_litsquare_path_roles,litsquare,model+app,LitSquare metadata and semantic roles,Integration deliberately absent,"LitSquare stored metadata remains accessible natively, but its managed semantics and inspector integration are not ported.",Keep project-specific integration separate; do not erase or invent metadata semantics.
set_icon_grid_horizontal_center,litsquare,model+app,IconGrid fixed-centering integration,Independent companion; MCP control absent,Icon Grid remains independent; old fixed-centering MCP policy is not a current typed capability.,Use supported companion/native workflows; no duplicate grid subsystem.
reset_icon_grid_horizontal_center,litsquare,model+app,IconGrid fixed-centering integration,Independent companion; MCP control absent,Icon Grid remains independent; old fixed-centering MCP policy is not a current typed capability.,Use supported companion/native workflows; no duplicate grid subsystem.
get_glyph_paths,outlines,model+app,"Layer inventory, geometry and components",Expanded typed reads,"Paged path, node and segment geometry, including explicit background surfaces.",Keep requested bounded reads and stale cursors; avoid one model call per path during bulk edits.
review_start_node_alignment,outlines,model+app,Start-node alignment,Retained typed algorithm,start_nodes plans correspondence and applies exact cyclic reordering.,"Keep correspondence logic; optimize limited input/preparation, not by substituting blind rotations."
apply_start_node_alignment,outlines,model+app,Start-node alignment,Retained typed algorithm,start_nodes plans correspondence and applies exact cyclic reordering.,"Keep correspondence logic; optimize limited input/preparation, not by substituting blind rotations."
update_glyph_node_positions,outlines,model+app,Node coordinates and path replacement,Typed edits plus native scripting,outline_edit supports guarded selected operations; native scripts cover composed transformations/path operations.,Native preparation for simple changes is promising; preserve topology/precision checks and selective typed recovery.
set_glyph_paths,outlines,model+app,Node coordinates and path replacement,Typed edits plus native scripting,outline_edit supports guarded selected operations; native scripts cover composed transformations/path operations.,Native preparation for simple changes is promising; preserve topology/precision checks and selective typed recovery.
get_glyph_components,components,model+app,"Layer inventory, geometry and components",Incomplete typed read parity,"No full dedicated component read projection equivalent to v1. Native script can inspect, but its mutation baseline is excessive for an ordinary read.",Prioritize bounded component-name/transform/alignment fields if needed; retain dirty-font read support.
add_component_to_glyph,components,model+app,"Components, anchors and corner hints",Closed actions plus native scripting,Closed add-missing-anchors/component actions exist; custom additions and corner-hint construction need native recipes.,Preserve dependencies and references; generic script availability is not complete hint/component qualification.
add_anchor_to_glyph,components,model+app,"Components, anchors and corner hints",Closed actions plus native scripting,Closed add-missing-anchors/component actions exist; custom additions and corner-hint construction need native recipes.,Preserve dependencies and references; generic script availability is not complete hint/component qualification.
add_corner_to_all_masters,components,model+app,"Components, anchors and corner hints",Closed actions plus native scripting,Closed add-missing-anchors/component actions exist; custom additions and corner-hint construction need native recipes.,Preserve dependencies and references; generic script availability is not complete hint/component qualification.
create_glyph,glyph-editing,model+app,"Glyph creation, deletion, copying and properties",Native scripting route,"Creation, copying, deletion and custom glyph properties can use whole scripts; glyph-color setting is a closed typed action.","Use native composed tasks, validate names/dependencies first, and retain correct whole-font recovery wording."
delete_glyph,glyph-editing,model+app,"Glyph creation, deletion, copying and properties",Native scripting route,"Creation, copying, deletion and custom glyph properties can use whole scripts; glyph-color setting is a closed typed action.","Use native composed tasks, validate names/dependencies first, and retain correct whole-font recovery wording."
update_glyph_properties,glyph-editing,model+app,"Glyph creation, deletion, copying and properties",Native scripting route,"Creation, copying, deletion and custom glyph properties can use whole scripts; glyph-color setting is a closed typed action.","Use native composed tasks, validate names/dependencies first, and retain correct whole-font recovery wording."
copy_glyph,glyph-editing,model+app,"Glyph creation, deletion, copying and properties",Native scripting route,"Creation, copying, deletion and custom glyph properties can use whole scripts; glyph-color setting is a closed typed action.","Use native composed tasks, validate names/dependencies first, and retain correct whole-font recovery wording."
update_glyph_metrics,glyph-editing,model+app,Width and exact sidebearing edits,Typed subset plus native script,width_delta changes stored-layer advances; native scripts provide exact selected-master widths and explicit spacing.,Move simple typed metrics to guarded native execution; preserve exact scope and cheap recovery.
save_font,persistence,model+app,Save and persistence,Improved guarded saving,"save_document, accept_job and chat Save choices use verified native Save/Save As and receipts.","Share save service, preserve authorization, skip redundant baseline Save, add typed Keep without saving."
get_custom_parameters,parameters,model+app,Custom parameters,Native scripting route,Font/master/instance custom parameters use native APIs; no dedicated typed general read/write projection.,Provide focused recipes and necessary read fields; preserve duplicate/order semantics.
set_custom_parameters,parameters,model+app,Custom parameters,Native scripting route,Font/master/instance custom parameters use native APIs; no dedicated typed general read/write projection.,Provide focused recipes and necessary read fields; preserve duplicate/order semantics.
list_style_sets,features,model+app,OpenType and stylistic sets,Typed reads/compile/export plus script editing,"Feature block reads, automatic-update native actions, native authored-source edits and typed compilation/export exist. Style-set convenience is not fully equivalent.",Allow guarded live verification before persistence; preserve code ordering and compiler/shaping distinctions.
set_kerning_pair,kerning,model+app,Arbitrary kerning pair/group edits,Native scripting route,Whole scripts can set/remove exact stored pairs and groups; real explicit A/V and T/o setter tasks were tested.,Reuse exact-key recipes and verify untouched controls; collision analysis remains a different task.
generate_kerning_tab,kerning,app-only,Kerning proof tabs,Native UI/script route,Native tabs can be opened; no equivalent dedicated proof generator.,Use a bounded maintained proof recipe; whole-font restore does not promise UI-tab restoration.
review_kerning_bumper,kerning,model+app,Collision kerning review and repair,Typed subset,Explicit-pair collision analysis and guarded correction; not v1 automatic relevant-pair discovery.,Keep external analysis; batch pairs and retain effective-kerning/exception semantics.
apply_kerning_bumper,kerning,model+app,Collision kerning review and repair,Typed subset,Explicit-pair collision analysis and guarded correction; not v1 automatic relevant-pair discovery.,Keep external analysis; batch pairs and retain effective-kerning/exception semantics.
set_spacing_guides,spacing,model+app,Spacing guides and persistent spacing parameters,Script possible; policy not ported,Guides and persistent spacing settings can be authored through native APIs; no equivalent typed managed-guide/settings policy.,Use maintained scoped recipes where useful; do not claim v1 settings parity.
review_spacing,spacing,model+app,Spacing review and application,Algorithm retained with reduced options,External reference/area spacing calculation and guarded patch application.,Keep the algorithm; unify Keep/Save/recovery and reduce avoidable preparation overhead.
apply_spacing,spacing,model+app,Spacing review and application,Algorithm retained with reduced options,External reference/area spacing calculation and guarded patch application.,Keep the algorithm; unify Keep/Save/recovery and reduce avoidable preparation overhead.
set_spacing_params,spacing,model+app,Spacing guides and persistent spacing parameters,Script possible; policy not ported,Guides and persistent spacing settings can be authored through native APIs; no equivalent typed managed-guide/settings policy.,Use maintained scoped recipes where useful; do not claim v1 settings parity.
review_master_stem_metrics,italic,model+app,Master italic angle and stem editing,Native scripting route,Exact master italic angle and stem edits can use native Python; Dimensions notes are not these metrics.,Use validated native recipes and explicit expected old values; do not conflate notes with actual stems.
set_master_stem_metrics,italic,model+app,Master italic angle and stem editing,Native scripting route,Exact master italic angle and stem edits can use native Python; Dimensions notes are not these metrics.,Use validated native recipes and explicit expected old values; do not conflate notes with actual stems.
review_unicode_assignments,unicode,model+app,Unicode/PUA audit and allocation,Specialized allocator absent,Python can assign Unicode values; the v1 range/collision/prior-map allocation policy is not restored by that fact.,"Explicitly defer or port a tested allocator as reusable logic, not ad hoc generated code."
apply_unicode_assignments,unicode,model+app,Unicode/PUA audit and allocation,Specialized allocator absent,Python can assign Unicode values; the v1 range/collision/prior-map allocation policy is not restored by that fact.,"Explicitly defer or port a tested allocator as reusable logic, not ad hoc generated code."
review_tunni_geometry,curve-geometry,model+app,Tunni analysis and balance,Specialized algorithm absent,Native Python availability does not provide the old Tunni analysis/balance engine.,Do not claim parity; preserve explicit deferral or qualify reused algorithm separately.
apply_tunni_balance,curve-geometry,model+app,Tunni analysis and balance,Specialized algorithm absent,Native Python availability does not provide the old Tunni analysis/balance engine.,Do not claim parity; preserve explicit deferral or qualify reused algorithm separately.
review_curve_quality,curve-geometry,model+app,Adaptive curve and cross-master diagnostics,"Visual support, numerical parity absent",Curve Inspector provides visual geometry; adaptive numerical/cross-master reports are not the old tool outcomes.,Retain companion; add bounded external diagnostics only when justified.
review_curve_quality_across_masters,curve-geometry,model+app,Adaptive curve and cross-master diagnostics,"Visual support, numerical parity absent",Curve Inspector provides visual geometry; adaptive numerical/cross-master reports are not the old tool outcomes.,Retain companion; add bounded external diagnostics only when justified.
set_curve_review_overlay,curve-geometry,model+app,Curvature display,Independent visual companion,Curve Inspector handles display through native UI; no public overlay-control tool.,Keep display outside mutation jobs; lightweight supported navigation could reduce UI friction.
get_curve_review_overlay_state,curve-geometry,app-only,Curvature display,"Native companion state, no public equivalent",Curve Inspector is independent; no same public overlay-state tool.,Improve supported lightweight inspection/navigation only if measured UI friction warrants it.
apply_collinear_handles_smooth,curve-geometry,model+app,Collinear smooth-node repair,Specialized repair absent,Custom collinear smoothness repair/candidate policy is not ported. Native APIs can alter nodes.,Do not equate a native call with the old algorithm and verification.
preview_tunni_balance_candidate,candidates,model+app,Tunni analysis and balance,Specialized algorithm absent,Native Python availability does not provide the old Tunni analysis/balance engine.,Do not claim parity; preserve explicit deferral or qualify reused algorithm separately.
preview_collinear_handles_candidate,candidates,model+app,Collinear smooth-node repair,Specialized repair absent,Custom collinear smoothness repair/candidate policy is not ported. Native APIs can alter nodes.,Do not equate a native call with the old algorithm and verification.
preview_compensated_tuning_candidate,candidates,model+app,Compensated scaling,Specialized algorithm absent,General compensated scaling/candidate generation is not a current typed job.,Keep explicit omission; do not regenerate the algorithm per task.
preview_italic_first_pass_candidate,candidates,model+app,Italic first pass,Partial algorithm,Typed mechanical slant and optional straight-stem correction; no full v1 balanced italic engine.,Native simple transforms are useful; retain component/stem logic and disclose missing optical policy.
set_outline_candidate_overlay,candidates,model+app,Candidate sessions and history,Different companion workflow,Reference Inspector and native display replace portions of candidate overlays; no same MCP overlay action.,Keep presentation separate from font mutations; do not claim candidate-session parity.
get_outline_candidate_state,candidates,model+app,Candidate sessions and history,"Replaced, not full parity","Jobs, reports, native typed history and script saved-version reload replace portions of candidate sessions; Reference Inspector is separate.",One common result workflow; no revived global candidate/snapshot framework.
materialize_outline_candidate_session,candidates,model+app,Candidate sessions and history,"Replaced, not full parity","Jobs, reports, native typed history and script saved-version reload replace portions of candidate sessions; Reference Inspector is separate.",One common result workflow; no revived global candidate/snapshot framework.
review_outline_candidate_session,candidates,model+app,Candidate sessions and history,"Replaced, not full parity","Jobs, reports, native typed history and script saved-version reload replace portions of candidate sessions; Reference Inspector is separate.",One common result workflow; no revived global candidate/snapshot framework.
accept_outline_candidate_session,candidates,model+app,Candidate sessions and history,"Replaced, not full parity","Jobs, reports, native typed history and script saved-version reload replace portions of candidate sessions; Reference Inspector is separate.",One common result workflow; no revived global candidate/snapshot framework.
discard_outline_candidate_session,candidates,model+app,Candidate sessions and history,"Replaced, not full parity","Jobs, reports, native typed history and script saved-version reload replace portions of candidate sessions; Reference Inspector is separate.",One common result workflow; no revived global candidate/snapshot framework.
get_glyph_annotations,annotations,model+app,Annotations and managed annotation groups,Native scripting route; group policy absent,"Annotations can be authored/edited natively, but v1 managed annotation-group identity and cleanup policy are not implemented.",Reusable bounded recipes; preserve unrelated annotations and qualify the actual group policy if restored.
add_glyph_annotation,annotations,model+app,Annotations and managed annotation groups,Native scripting route; group policy absent,"Annotations can be authored/edited natively, but v1 managed annotation-group identity and cleanup policy are not implemented.",Reusable bounded recipes; preserve unrelated annotations and qualify the actual group policy if restored.
add_glyph_annotation_group,annotations,model+app,Annotations and managed annotation groups,Native scripting route; group policy absent,"Annotations can be authored/edited natively, but v1 managed annotation-group identity and cleanup policy are not implemented.",Reusable bounded recipes; preserve unrelated annotations and qualify the actual group policy if restored.
update_glyph_annotation,annotations,model+app,Annotations and managed annotation groups,Native scripting route; group policy absent,"Annotations can be authored/edited natively, but v1 managed annotation-group identity and cleanup policy are not implemented.",Reusable bounded recipes; preserve unrelated annotations and qualify the actual group policy if restored.
delete_glyph_annotation,annotations,model+app,Annotations and managed annotation groups,Native scripting route; group policy absent,"Annotations can be authored/edited natively, but v1 managed annotation-group identity and cleanup policy are not implemented.",Reusable bounded recipes; preserve unrelated annotations and qualify the actual group policy if restored.
clear_glyph_annotations,annotations,model+app,Annotations and managed annotation groups,Native scripting route; group policy absent,"Annotations can be authored/edited natively, but v1 managed annotation-group identity and cleanup policy are not implemented.",Reusable bounded recipes; preserve unrelated annotations and qualify the actual group policy if restored.
get_glyph_annotation_groups,annotations,model+app,Annotations and managed annotation groups,Native scripting route; group policy absent,"Annotations can be authored/edited natively, but v1 managed annotation-group identity and cleanup policy are not implemented.",Reusable bounded recipes; preserve unrelated annotations and qualify the actual group policy if restored.
ExportDesignspaceAndUFO,export,model+app,Designspace/UFO export,Different export product,Typed static/variable/web font export is implemented; dedicated Designspace/UFO plus build-script output is not equivalent.,Keep export external and explicitly scoped; qualify any source-format conversion separately.
show_glyphs_status,app-feedback,app-only,Embedded feedback panels and target links,New conversation cards; partial parity,"Shared workflow cards and text actions now exist; old specialized proof panels, embedded plans and deep links are not all reproduced.",Unify result actions and fix actual card defects; do not treat the timer as verification or restore all old panels.
show_font_feedback,app-feedback,app-only,Embedded feedback panels and target links,New conversation cards; partial parity,"Shared workflow cards and text actions now exist; old specialized proof panels, embedded plans and deep links are not all reproduced.",Unify result actions and fix actual card defects; do not treat the timer as verification or restore all old panels.
show_glyph_feedback,app-feedback,app-only,Embedded feedback panels and target links,New conversation cards; partial parity,"Shared workflow cards and text actions now exist; old specialized proof panels, embedded plans and deep links are not all reproduced.",Unify result actions and fix actual card defects; do not treat the timer as verification or restore all old panels.
show_opentype_features,app-feedback,app-only,Embedded feedback panels and target links,New conversation cards; partial parity,"Shared workflow cards and text actions now exist; old specialized proof panels, embedded plans and deep links are not all reproduced.",Unify result actions and fix actual card defects; do not treat the timer as verification or restore all old panels.
preview_spacing_feedback,app-feedback,app-only,Embedded feedback panels and target links,New conversation cards; partial parity,"Shared workflow cards and text actions now exist; old specialized proof panels, embedded plans and deep links are not all reproduced.",Unify result actions and fix actual card defects; do not treat the timer as verification or restore all old panels.
preview_kerning_feedback,app-feedback,app-only,Embedded feedback panels and target links,New conversation cards; partial parity,"Shared workflow cards and text actions now exist; old specialized proof panels, embedded plans and deep links are not all reproduced.",Unify result actions and fix actual card defects; do not treat the timer as verification or restore all old panels.
preview_handle_smoothing_feedback,app-feedback,app-only,Embedded feedback panels and target links,New conversation cards; partial parity,"Shared workflow cards and text actions now exist; old specialized proof panels, embedded plans and deep links are not all reproduced.",Unify result actions and fix actual card defects; do not treat the timer as verification or restore all old panels.
apply_feedback_plan,app-feedback,app-only,Embedded feedback panels and target links,New conversation cards; partial parity,"Shared workflow cards and text actions now exist; old specialized proof panels, embedded plans and deep links are not all reproduced.",Unify result actions and fix actual card defects; do not treat the timer as verification or restore all old panels.
open_feedback_target,app-feedback,app-only,Embedded feedback panels and target links,New conversation cards; partial parity,"Shared workflow cards and text actions now exist; old specialized proof panels, embedded plans and deep links are not all reproduced.",Unify result actions and fix actual card defects; do not treat the timer as verification or restore all old panels.
